"","ensgenes","baseMean","log2FoldChange","lfcSE","stat","pvalue","padj","annotation","pathway"
"1","Mp1g07310.1",1262.23203648537,2.40610989633036,0.104268755006454,23.0760393771022,8.05899569645287e-118,8.59290416134287e-116,"KEGG:K01919:gshA, glutamate--cysteine ligase [EC:6.3.2.2]; PTHR34378:SF1:GLUTAMATE--CYSTEINE LIGASE, CHLOROPLASTIC; Pfam:PF04107:Glutamate-cysteine ligase family 2(GCS2); G3DSA:3.30.590.20; PANTHER:PTHR34378:GLUTAMATE--CYSTEINE LIGASE, CHLOROPLASTIC; SUPERFAMILY:SSF55931:Glutamine synthetase/guanido kinase; TIGRFAM:TIGR01436:glu_cys_lig_pln: glutamate--cysteine ligase; GO:0006750:glutathione biosynthetic process; GO:0003824:catalytic activity; GO:0042398:cellular modified amino acid biosynthetic process; GO:0004357:glutamate-cysteine ligase activity; MapolyID:Mapoly0043s0124","Glutathione metabolism"
"2","Mp1g09110.1",323.013996778845,1.40926233134585,0.135351084414209,10.4119027745145,2.18803926299988e-25,4.17173394565546e-24,"KEGG:K10808:RRM2, ribonucleoside-diphosphate reductase subunit M2 [EC:1.17.4.1]; KOG:KOG1567:Ribonucleotide reductase, beta subunit, [F]; PANTHER:PTHR23409:RIBONUCLEOSIDE-DIPHOSPHATE REDUCTASE SMALL CHAIN; Pfam:PF00268:Ribonucleotide reductase, small chain; PTHR23409:SF38:RIBONUCLEOSIDE-DIPHOSPHATE REDUCTASE SMALL CHAIN; SUPERFAMILY:SSF47240:Ferritin-like; G3DSA:1.10.620.20:Ribonucleotide Reductase; ProSitePatterns:PS00368:Ribonucleotide reductase small subunit signature.; CDD:cd01049:RNRR2; GO:0009263:deoxyribonucleotide biosynthetic process; GO:0016491:oxidoreductase activity; MapolyID:Mapoly0036s0151","Glutathione metabolism"
"3","Mp1g25390.1",3131.13678376072,1.11398199361909,0.0805590062143772,13.8281496503897,1.72398238749943e-43,6.02902147243338e-42,"KEGG:K00383:GSR, gor, glutathione reductase (NADPH) [EC:1.8.1.7]; KOG:KOG0405:Pyridine nucleotide-disulphide oxidoreductase, [Q]; G3DSA:3.50.50.60; PRINTS:PR00411:Pyridine nucleotide disulphide reductase class-I signature; PANTHER:PTHR48105:THIOREDOXIN REDUCTASE 1-RELATED-RELATED; PIRSF:PIRSF000350:Hg-II_reductase_MerA; G3DSA:3.30.390.30; PRINTS:PR00368:FAD-dependent pyridine nucleotide reductase signature; ProSitePatterns:PS00076:Pyridine nucleotide-disulphide oxidoreductases class-I active site.; SUPERFAMILY:SSF55424:FAD/NAD-linked reductases, dimerisation (C-terminal) domain; TIGRFAM:TIGR01424:gluta_reduc_2: glutathione-disulfide reductase; Pfam:PF02852:Pyridine nucleotide-disulphide oxidoreductase, dimerisation domain; PTHR48105:SF8:GLUTATHIONE REDUCTASE, CYTOSOLIC; SUPERFAMILY:SSF51905:FAD/NAD(P)-binding domain; Pfam:PF07992:Pyridine nucleotide-disulphide oxidoreductase; GO:0016668:oxidoreductase activity, acting on a sulfur group of donors, NAD(P) as acceptor; GO:0050660:flavin adenine dinucleotide binding; GO:0050661:NADP binding; GO:0016491:oxidoreductase activity; GO:0006749:glutathione metabolic process; GO:0045454:cell redox homeostasis; GO:0004362:glutathione-disulfide reductase activity; MapolyID:Mapoly0002s0333","Glutathione metabolism"
"4","Mp2g03200.1",4781.12706487108,3.12410306930892,0.0878204554943861,35.5737516017396,3.56791429017042e-277,1.62788163857799e-274,"KEGG:K00799:GST, gst, glutathione S-transferase [EC:2.5.1.18]; Pfam:PF01124:MAPEG family; SUPERFAMILY:SSF161084:MAPEG domain-like; PANTHER:PTHR10250:MICROSOMAL GLUTATHIONE S-TRANSFERASE; PTHR10250:SF22:MICROSOMAL GLUTATHIONE S-TRANSFERASE 3; G3DSA:1.20.120.550; MapolyID:Mapoly0075s0081","Glutathione metabolism"
"5","Mp2g03760.1",888.570453454687,9.11678710078233,0.472876459378958,19.2794268354057,7.99575475959878e-83,5.85331017270778e-81,"KEGG:K00799:GST, gst, glutathione S-transferase [EC:2.5.1.18]; KOG:KOG0868:Glutathione S-transferase, [O]; G3DSA:3.40.30.10:Glutaredoxin; G3DSA:1.20.1050.10; CDD:cd03185:GST_C_Tau; ProSiteProfiles:PS50405:Soluble glutathione S-transferase C-terminal domain profile.; Pfam:PF02798:Glutathione S-transferase, N-terminal domain; SFLD:SFLDS00019:Glutathione Transferase (cytosolic); SUPERFAMILY:SSF52833:Thioredoxin-like; Pfam:PF00043:Glutathione S-transferase, C-terminal domain; PTHR11260:SF679:GLUTATHIONE S-TRANSFERASE; SUPERFAMILY:SSF47616:GST C-terminal domain-like; PANTHER:PTHR11260:GLUTATHIONE S-TRANSFERASE, GST, SUPERFAMILY, GST DOMAIN CONTAINING; ProSiteProfiles:PS50404:Soluble glutathione S-transferase N-terminal domain profile.; GO:0005515:protein binding; GO:0006749:glutathione metabolic process; MapolyID:Mapoly0031s0032","Glutathione metabolism"
"6","Mp2g18340.1",1874.64133706552,4.27955968070148,0.111745828036181,38.2972658211083,0,0,"KEGG:K00799:GST, gst, glutathione S-transferase [EC:2.5.1.18]; KOG:KOG0867:Glutathione S-transferase, [O]; SFLD:SFLDS00019:Glutathione Transferase (cytosolic); SUPERFAMILY:SSF52833:Thioredoxin-like; SFLD:SFLDG00358:Main (cytGST); ProSiteProfiles:PS50404:Soluble glutathione S-transferase N-terminal domain profile.; PANTHER:PTHR43900:GLUTATHIONE S-TRANSFERASE RHO; G3DSA:1.20.1050.10; G3DSA:3.40.30.10:Glutaredoxin; SUPERFAMILY:SSF47616:GST C-terminal domain-like; Pfam:PF00043:Glutathione S-transferase, C-terminal domain; Pfam:PF02798:Glutathione S-transferase, N-terminal domain; ProSiteProfiles:PS50405:Soluble glutathione S-transferase C-terminal domain profile.; GO:0005515:protein binding; GO:0006749:glutathione metabolic process; MapolyID:Mapoly0177s0013","Glutathione metabolism"
"7","Mp2g22390.1",12694.6521122123,5.4122844032549,0.0916533156956934,59.0517032817964,0,0,"KEGG:K00799:GST, gst, glutathione S-transferase [EC:2.5.1.18]; KOG:KOG0867:Glutathione S-transferase, [O]; SUPERFAMILY:SSF52833:Thioredoxin-like; Pfam:PF02798:Glutathione S-transferase, N-terminal domain; CDD:cd03187:GST_C_Phi; ProSiteProfiles:PS50404:Soluble glutathione S-transferase N-terminal domain profile.; G3DSA:3.40.30.10:Glutaredoxin; SUPERFAMILY:SSF47616:GST C-terminal domain-like; Pfam:PF00043:Glutathione S-transferase, C-terminal domain; SFLD:SFLDS00019:Glutathione Transferase (cytosolic); ProSiteProfiles:PS50405:Soluble glutathione S-transferase C-terminal domain profile.; G3DSA:1.20.1050.10; SFLD:SFLDG00358:Main (cytGST); PANTHER:PTHR43900:GLUTATHIONE S-TRANSFERASE RHO; GO:0005515:protein binding; GO:0006749:glutathione metabolic process","Glutathione metabolism"
"8","Mp2g22410.1",12589.6805524978,5.43088408648385,0.0896335818821679,60.5898366710735,0,0,"KEGG:K00799:GST, gst, glutathione S-transferase [EC:2.5.1.18]; KOG:KOG0867:Glutathione S-transferase, [O]; SUPERFAMILY:SSF52833:Thioredoxin-like; Pfam:PF02798:Glutathione S-transferase, N-terminal domain; CDD:cd03187:GST_C_Phi; ProSiteProfiles:PS50404:Soluble glutathione S-transferase N-terminal domain profile.; G3DSA:3.40.30.10:Glutaredoxin; SUPERFAMILY:SSF47616:GST C-terminal domain-like; Pfam:PF00043:Glutathione S-transferase, C-terminal domain; SFLD:SFLDS00019:Glutathione Transferase (cytosolic); ProSiteProfiles:PS50405:Soluble glutathione S-transferase C-terminal domain profile.; G3DSA:1.20.1050.10; SFLD:SFLDG00358:Main (cytGST); PANTHER:PTHR43900:GLUTATHIONE S-TRANSFERASE RHO; GO:0005515:protein binding; GO:0006749:glutathione metabolic process; MapolyID:Mapoly1812s0001","Glutathione metabolism"
"9","Mp2g24970.1",1242.11464854828,4.74413654383642,0.13113716202235,36.1769041717393,1.4051780012841e-286,7.06876595056227e-284,"KEGG:K00799:GST, gst, glutathione S-transferase [EC:2.5.1.18]; KOG:KOG0867:Glutathione S-transferase, [O]; SUPERFAMILY:SSF52833:Thioredoxin-like; ProSiteProfiles:PS50404:Soluble glutathione S-transferase N-terminal domain profile.; SUPERFAMILY:SSF47616:GST C-terminal domain-like; CDD:cd03187:GST_C_Phi; SFLD:SFLDS00019:Glutathione Transferase (cytosolic); SFLD:SFLDG00358:Main (cytGST); Pfam:PF00043:Glutathione S-transferase, C-terminal domain; ProSiteProfiles:PS50405:Soluble glutathione S-transferase C-terminal domain profile.; G3DSA:1.20.1050.10; G3DSA:3.40.30.10:Glutaredoxin; PANTHER:PTHR43900:GLUTATHIONE S-TRANSFERASE RHO; Pfam:PF02798:Glutathione S-transferase, N-terminal domain; GO:0005515:protein binding; GO:0006749:glutathione metabolic process; MapolyID:Mapoly0818s0001","Glutathione metabolism"
"10","Mp3g07600.1",308.847128927045,1.55339549355791,0.148288376018287,10.4755041175065,1.11939593328612e-25,2.15308125638632e-24,"KEGG:K13299:GSTK1, glutathione S-transferase kappa 1 [EC:2.5.1.18]; PIRSF:PIRSF006386:HCCAis_GSTk; PANTHER:PTHR42943:GLUTATHIONE S-TRANSFERASE KAPPA; Pfam:PF01323:DSBA-like thioredoxin domain; SUPERFAMILY:SSF52833:Thioredoxin-like; G3DSA:3.40.30.10:Glutaredoxin; GO:0016491:oxidoreductase activity; MapolyID:Mapoly0006s0236","Glutathione metabolism"
"11","Mp4g23710.1",11972.4840592784,3.59342061962474,0.0844133208712916,42.5693549612125,0,0,"KEGG:K00799:GST, gst, glutathione S-transferase [EC:2.5.1.18]; KOG:KOG0867:Glutathione S-transferase, [O]; ProSiteProfiles:PS50404:Soluble glutathione S-transferase N-terminal domain profile.; G3DSA:3.40.30.10:Glutaredoxin; PTHR44750:SF1:GLUTATHIONE S-TRANSFERASE T1-RELATED; SUPERFAMILY:SSF47616:GST C-terminal domain-like; G3DSA:1.20.1050.10; ProSiteProfiles:PS50405:Soluble glutathione S-transferase C-terminal domain profile.; SUPERFAMILY:SSF52833:Thioredoxin-like; SFLD:SFLDS00019:Glutathione Transferase (cytosolic); SFLD:SFLDG00358:Main (cytGST); Pfam:PF13417:Glutathione S-transferase, N-terminal domain; PANTHER:PTHR44750:GLUTATHIONE S-TRANSFERASE T1-RELATED; GO:0005515:protein binding; GO:0006749:glutathione metabolic process; MapolyID:Mapoly0020s0134","Glutathione metabolism"
"12","Mp5g00690.1",484.21268986161,1.74372547116342,0.124031123002984,14.0587735476803,6.80554233362671e-45,2.43645866867559e-43,"KEGG:K00799:GST, gst, glutathione S-transferase [EC:2.5.1.18]; KOG:KOG0867:Glutathione S-transferase, [O]; G3DSA:1.20.1050.10; SFLD:SFLDG00358:Main (cytGST); Pfam:PF00043:Glutathione S-transferase, C-terminal domain; ProSiteProfiles:PS50405:Soluble glutathione S-transferase C-terminal domain profile.; PANTHER:PTHR43900:GLUTATHIONE S-TRANSFERASE RHO; SUPERFAMILY:SSF52833:Thioredoxin-like; SFLD:SFLDS00019:Glutathione Transferase (cytosolic); ProSiteProfiles:PS50404:Soluble glutathione S-transferase N-terminal domain profile.; G3DSA:3.40.30.10:Glutaredoxin; SUPERFAMILY:SSF47616:GST C-terminal domain-like; Pfam:PF13417:Glutathione S-transferase, N-terminal domain; GO:0005515:protein binding; GO:0006749:glutathione metabolic process; MapolyID:Mapoly0193s0023","Glutathione metabolism"
"13","Mp5g04090.1",1991.86215039278,3.44827097361239,0.0937245401405349,36.7915486002054,2.5202709369202e-296,1.33635663544425e-293,"KEGG:K00799:GST, gst, glutathione S-transferase [EC:2.5.1.18]; KOG:KOG0867:Glutathione S-transferase, [O]; Pfam:PF02798:Glutathione S-transferase, N-terminal domain; SUPERFAMILY:SSF47616:GST C-terminal domain-like; G3DSA:1.20.1050.10; ProSiteProfiles:PS50404:Soluble glutathione S-transferase N-terminal domain profile.; SFLD:SFLDG01154:Main.5: Phi-like; PANTHER:PTHR43900:GLUTATHIONE S-TRANSFERASE RHO; SUPERFAMILY:SSF52833:Thioredoxin-like; Pfam:PF00043:Glutathione S-transferase, C-terminal domain; G3DSA:3.40.30.10:Glutaredoxin; SFLD:SFLDG00358:Main (cytGST); CDD:cd03187:GST_C_Phi; CDD:cd03053:GST_N_Phi; ProSiteProfiles:PS50405:Soluble glutathione S-transferase C-terminal domain profile.; GO:0005515:protein binding; GO:0006749:glutathione metabolic process; MapolyID:Mapoly0141s0017","Glutathione metabolism"
"14","Mp5g04090.2",1991.93301774923,3.43150262348538,0.0923677873546646,37.1504257248194,4.31519486840659e-302,2.35166133675747e-299,"KEGG:K00799:GST, gst, glutathione S-transferase [EC:2.5.1.18]; KOG:KOG0867:Glutathione S-transferase, [O]; SUPERFAMILY:SSF47616:GST C-terminal domain-like; ProSiteProfiles:PS50405:Soluble glutathione S-transferase C-terminal domain profile.; ProSiteProfiles:PS50404:Soluble glutathione S-transferase N-terminal domain profile.; Pfam:PF00043:Glutathione S-transferase, C-terminal domain; PANTHER:PTHR43900:GLUTATHIONE S-TRANSFERASE RHO; G3DSA:1.20.1050.10; SFLD:SFLDG00358:Main (cytGST); SUPERFAMILY:SSF52833:Thioredoxin-like; G3DSA:3.40.30.10:Glutaredoxin; Pfam:PF02798:Glutathione S-transferase, N-terminal domain; SFLD:SFLDG01154:Main.5: Phi-like; CDD:cd03187:GST_C_Phi; CDD:cd03053:GST_N_Phi; GO:0005515:protein binding; GO:0006749:glutathione metabolic process; MapolyID:Mapoly0141s0017","Glutathione metabolism"
"15","Mp5g10660.1",9357.08858062564,3.0450952574385,0.114933708373675,26.494361841508,1.12564562775548e-154,1.73890091109723e-152,"KEGG:K00033:PGD, gnd, gntZ, 6-phosphogluconate dehydrogenase [EC:1.1.1.44 1.1.1.343]; KOG:KOG2653:6-phosphogluconate dehydrogenase, [G]; G3DSA:3.40.50.720; SUPERFAMILY:SSF48179:6-phosphogluconate dehydrogenase C-terminal domain-like; TIGRFAM:TIGR00873:gnd: 6-phosphogluconate dehydrogenase (decarboxylating); PRINTS:PR00076:6-phosphogluconate dehydrogenase signature; Pfam:PF00393:6-phosphogluconate dehydrogenase, C-terminal domain; G3DSA:1.10.1040.10; SMART:SM01350:6PGD_2; G3DSA:1.20.5.320; PTHR11811:SF58:6-PHOSPHOGLUCONATE DEHYDROGENASE, DECARBOXYLATING; Coils:Coil; Pfam:PF03446:NAD binding domain of 6-phosphogluconate dehydrogenase; SUPERFAMILY:SSF51735:NAD(P)-binding Rossmann-fold domains; PIRSF:PIRSF000109:6PGD; PANTHER:PTHR11811:6-PHOSPHOGLUCONATE DEHYDROGENASE; GO:0006098:pentose-phosphate shunt; GO:0004616:phosphogluconate dehydrogenase (decarboxylating) activity; GO:0050661:NADP binding; GO:0016491:oxidoreductase activity; MapolyID:Mapoly0048s0006","Glutathione metabolism"
"16","Mp5g16180.3",58.7045402507937,1.0387443146571,0.280786978190724,3.69940344580914,0.000216106835564708,0.000817232075355436,"KEGG:K00799:GST, gst, glutathione S-transferase [EC:2.5.1.18]; KOG:KOG0867:Glutathione S-transferase, [O]; ProSiteProfiles:PS50405:Soluble glutathione S-transferase C-terminal domain profile.; SUPERFAMILY:SSF47616:GST C-terminal domain-like; G3DSA:3.40.30.10:Glutaredoxin; PANTHER:PTHR43900:GLUTATHIONE S-TRANSFERASE RHO; SFLD:SFLDG00358:Main (cytGST); Pfam:PF00043:Glutathione S-transferase, C-terminal domain; SFLD:SFLDS00019:Glutathione Transferase (cytosolic); ProSiteProfiles:PS50404:Soluble glutathione S-transferase N-terminal domain profile.; Pfam:PF02798:Glutathione S-transferase, N-terminal domain; G3DSA:1.20.1050.10; SUPERFAMILY:SSF52833:Thioredoxin-like; GO:0005515:protein binding; GO:0006749:glutathione metabolic process; MapolyID:Mapoly0185s0005","Glutathione metabolism"
"17","Mp6g02680.1",2485.9709483794,1.25357262748552,0.0889508895556109,14.0928621821348,4.20180410914276e-45,1.51257238196829e-43,"KEGG:K01469:OPLAH, OXP1, oplAH, 5-oxoprolinase (ATP-hydrolysing) [EC:3.5.2.9]; KOG:KOG1939:Oxoprolinase, [E]; Pfam:PF05378:Hydantoinase/oxoprolinase N-terminal region; Pfam:PF02538:Hydantoinase B/oxoprolinase; PANTHER:PTHR11365:5-OXOPROLINASE RELATED; Pfam:PF01968:Hydantoinase/oxoprolinase; PTHR11365:SF2:5-OXOPROLINASE; GO:0016787:hydrolase activity; GO:0003824:catalytic activity; MapolyID:Mapoly0035s0055","Glutathione metabolism"
"18","Mp7g00790.1",471.572083807653,1.76378384355841,0.156464553433766,11.2727375296862,1.78919029091093e-29,3.96634173077757e-28,"KEGG:K00799:GST, gst, glutathione S-transferase [EC:2.5.1.18]; KOG:KOG0867:Glutathione S-transferase, [O]; Pfam:PF02798:Glutathione S-transferase, N-terminal domain; SFLD:SFLDG01154:Main.5: Phi-like; G3DSA:3.40.30.10:Glutaredoxin; PANTHER:PTHR43900:GLUTATHIONE S-TRANSFERASE RHO; G3DSA:1.20.1050.10; CDD:cd03187:GST_C_Phi; ProSiteProfiles:PS50404:Soluble glutathione S-transferase N-terminal domain profile.; ProSiteProfiles:PS50405:Soluble glutathione S-transferase C-terminal domain profile.; SUPERFAMILY:SSF47616:GST C-terminal domain-like; SUPERFAMILY:SSF52833:Thioredoxin-like; SFLD:SFLDG00358:Main (cytGST); Pfam:PF00043:Glutathione S-transferase, C-terminal domain; GO:0005515:protein binding; GO:0006749:glutathione metabolic process; MapolyID:Mapoly0046s0045","Glutathione metabolism"
"19","Mp7g05690.1",573.022507641064,1.55012345121338,0.129067521669352,12.0101744510484,3.14181587363736e-33,8.17497156828799e-32,"KEGG:K11188:PRDX6, peroxiredoxin 6 [EC:1.11.1.7 1.11.1.27 3.1.1.-]; KOG:KOG0854:Alkyl hydroperoxide reductase, thiol specific antioxidant and related enzymes, [O]; SUPERFAMILY:SSF52833:Thioredoxin-like; PIRSF:PIRSF000239:AHPC; Pfam:PF10417:C-terminal domain of 1-Cys peroxiredoxin; Pfam:PF00578:AhpC/TSA family; PANTHER:PTHR43503:MCG48959-RELATED; G3DSA:3.30.1020.10:Antioxidant; G3DSA:3.40.30.10:Glutaredoxin; PTHR43503:SF4:MCG48959-RELATED; ProSiteProfiles:PS51352:Thioredoxin domain profile.; CDD:cd03016:PRX_1cys; GO:0016209:antioxidant activity; GO:0051920:peroxiredoxin activity; GO:0016491:oxidoreductase activity; MapolyID:Mapoly0057s0102","Glutathione metabolism"
"20","Mp7g11560.1",1995.91764595021,1.33220084979161,0.109663600142094,12.148067800669,5.87373651408851e-34,1.56784811795786e-32,"KEGG:K00799:GST, gst, glutathione S-transferase [EC:2.5.1.18]; KOG:KOG0867:Glutathione S-transferase, [O]; G3DSA:1.20.1050.10; CDD:cd03187:GST_C_Phi; SUPERFAMILY:SSF47616:GST C-terminal domain-like; ProSiteProfiles:PS50404:Soluble glutathione S-transferase N-terminal domain profile.; SUPERFAMILY:SSF52833:Thioredoxin-like; SFLD:SFLDS00019:Glutathione Transferase (cytosolic); SFLD:SFLDG01154:Main.5: Phi-like; Pfam:PF00043:Glutathione S-transferase, C-terminal domain; ProSiteProfiles:PS50405:Soluble glutathione S-transferase C-terminal domain profile.; Pfam:PF02798:Glutathione S-transferase, N-terminal domain; G3DSA:3.40.30.10:Glutaredoxin; PANTHER:PTHR43900:GLUTATHIONE S-TRANSFERASE RHO; CDD:cd03053:GST_N_Phi; GO:0005515:protein binding; GO:0006749:glutathione metabolic process; MapolyID:Mapoly0003s0168","Glutathione metabolism"
"21","Mp7g13390.1",20573.2058382988,2.6015149345056,0.123025487457905,21.1461461219224,2.99427851252328e-99,2.6342937281253e-97,"KEGG:K00799:GST, gst, glutathione S-transferase [EC:2.5.1.18]; KOG:KOG0867:Glutathione S-transferase, [O]; CDD:cd03187:GST_C_Phi; PANTHER:PTHR43900:GLUTATHIONE S-TRANSFERASE RHO; SUPERFAMILY:SSF52833:Thioredoxin-like; SFLD:SFLDG00358:Main (cytGST); Pfam:PF02798:Glutathione S-transferase, N-terminal domain; ProSiteProfiles:PS50405:Soluble glutathione S-transferase C-terminal domain profile.; G3DSA:3.40.30.10:Glutaredoxin; SUPERFAMILY:SSF47616:GST C-terminal domain-like; ProSiteProfiles:PS50404:Soluble glutathione S-transferase N-terminal domain profile.; CDD:cd03053:GST_N_Phi; SFLD:SFLDG01154:Main.5: Phi-like; G3DSA:1.20.1050.10; Pfam:PF00043:Glutathione S-transferase, C-terminal domain; GO:0005515:protein binding; GO:0006749:glutathione metabolic process; MapolyID:Mapoly0009s0025","Glutathione metabolism"
"22","Mp7g14370.1",4089.7788722582,3.96942450712372,0.104466815097793,37.9969897943943,0,0,"KEGG:K00036:G6PD, zwf, glucose-6-phosphate 1-dehydrogenase [EC:1.1.1.49 1.1.1.363]; KOG:KOG0563:Glucose-6-phosphate 1-dehydrogenase, [G]; TIGRFAM:TIGR00871:zwf: glucose-6-phosphate dehydrogenase; G3DSA:3.40.50.720; PIRSF:PIRSF000110:G6PD; PANTHER:PTHR23429:GLUCOSE-6-PHOSPHATE 1-DEHYDROGENASE  G6PD; SUPERFAMILY:SSF55347:Glyceraldehyde-3-phosphate dehydrogenase-like, C-terminal domain; PTHR23429:SF16:GLUCOSE-6-PHOSPHATE 1-DEHYDROGENASE; Pfam:PF00479:Glucose-6-phosphate dehydrogenase, NAD binding domain; ProSitePatterns:PS00069:Glucose-6-phosphate dehydrogenase active site.; PRINTS:PR00079:Glucose-6-phosphate dehydrogenase signature; Hamap:MF_00966:Glucose-6-phosphate 1-dehydrogenase [zwf].; Pfam:PF02781:Glucose-6-phosphate dehydrogenase, C-terminal domain; SUPERFAMILY:SSF51735:NAD(P)-binding Rossmann-fold domains; G3DSA:3.30.360.10:Dihydrodipicolinate Reductase, domain 2; GO:0016614:oxidoreductase activity, acting on CH-OH group of donors; GO:0050661:NADP binding; GO:0006006:glucose metabolic process; GO:0004345:glucose-6-phosphate dehydrogenase activity; MapolyID:Mapoly0009s0122","Glutathione metabolism"
"23","Mp8g17560.1",3678.90834867179,2.22002350828528,0.0957046585476982,23.1966086288144,4.92661821472871e-119,5.31073201949244e-117,"KEGG:K00434:E1.11.1.11, L-ascorbate peroxidase [EC:1.11.1.11]; G3DSA:1.10.420.10:Peroxidase; PRINTS:PR00458:Haem peroxidase superfamily signature; PRINTS:PR00459:Plant ascorbate peroxidase signature; G3DSA:1.10.520.10; ProSiteProfiles:PS50873:Plant heme peroxidase family profile.; ProSitePatterns:PS00435:Peroxidases proximal heme-ligand signature.; CDD:cd00691:ascorbate_peroxidase; SUPERFAMILY:SSF48113:Heme-dependent peroxidases; PTHR31356:SF11:L-ASCORBATE PEROXIDASE 8, CHLOROPLASTIC-RELATED; PANTHER:PTHR31356:THYLAKOID LUMENAL 29 KDA PROTEIN, CHLOROPLASTIC-RELATED; Pfam:PF00141:Peroxidase; GO:0006979:response to oxidative stress; GO:0004601:peroxidase activity; GO:0020037:heme binding; MapolyID:Mapoly0030s0090","Glutathione metabolism"
"24","Mp1g28940.1",10199.5961442337,4.86504742900565,0.220832746649173,22.0304619800547,1.47065817729547e-107,1.41435503825293e-105,"KEGG:K13065:E2.3.1.133, HCT, shikimate O-hydroxycinnamoyltransferase [EC:2.3.1.133]; G3DSA:3.30.559.10:Chloramphenicol Acetyltransferase; PANTHER:PTHR31642:TRICHOTHECENE 3-O-ACETYLTRANSFERASE; PTHR31642:SF11:SHIKIMATE O-HYDROXYCINNAMOYLTRANSFERASE; Pfam:PF02458:Transferase family; GO:0016747:transferase activity, transferring acyl groups other than amino-acyl groups; MapolyID:Mapoly0107s0010","Flavonoid biosynthesis"
"25","Mp4g03580.1",8.37059513257413,3.60678164910222,0.963821603426717,3.7421672602885,0.000182440014629599,0.000699080204495725,"KEGG:K00660:CHS, chalcone synthase [EC:2.3.1.74]; PANTHER:PTHR11877:HYDROXYMETHYLGLUTARYL-COA SYNTHASE; Pfam:PF02797:Chalcone and stilbene synthases, C-terminal domain; PTHR11877:SF14:CHALCONE SYNTHASE; PIRSF:PIRSF000451:PKS_III; G3DSA:3.40.47.10; SUPERFAMILY:SSF53901:Thiolase-like; Pfam:PF00195:Chalcone and stilbene synthases, N-terminal domain; CDD:cd00831:CHS_like; GO:0016746:transferase activity, transferring acyl groups; GO:0009058:biosynthetic process; GO:0016747:transferase activity, transferring acyl groups other than amino-acyl groups; MapolyID:Mapoly0044s0115","Flavonoid biosynthesis"
"26","Mp4g05310.1",19.2255641836543,1.49680317064875,0.525579021129906,2.84791270289076,0.00440069940896376,0.0124315797990583,"KEGG:K00660:CHS, chalcone synthase [EC:2.3.1.74]; PTHR11877:SF14:CHALCONE SYNTHASE; Pfam:PF02797:Chalcone and stilbene synthases, C-terminal domain; SUPERFAMILY:SSF53901:Thiolase-like; PANTHER:PTHR11877:HYDROXYMETHYLGLUTARYL-COA SYNTHASE; G3DSA:3.40.47.10; Pfam:PF00195:Chalcone and stilbene synthases, N-terminal domain; GO:0016746:transferase activity, transferring acyl groups; GO:0009058:biosynthetic process; GO:0016747:transferase activity, transferring acyl groups other than amino-acyl groups; MapolyID:Mapoly0087s0058","Flavonoid biosynthesis"
"27","Mp4g14100.1",3143.89472667747,4.83354176806477,0.115896706098961,41.7056008816812,0,0,"KEGG:K00660:CHS, chalcone synthase [EC:2.3.1.74]; PTHR11877:SF14:CHALCONE SYNTHASE; CDD:cd00831:CHS_like; Pfam:PF00195:Chalcone and stilbene synthases, N-terminal domain; Pfam:PF02797:Chalcone and stilbene synthases, C-terminal domain; G3DSA:3.40.47.10; PIRSF:PIRSF000451:PKS_III; PANTHER:PTHR11877:HYDROXYMETHYLGLUTARYL-COA SYNTHASE; SUPERFAMILY:SSF53901:Thiolase-like; GO:0016746:transferase activity, transferring acyl groups; GO:0009058:biosynthetic process; GO:0016747:transferase activity, transferring acyl groups other than amino-acyl groups; MapolyID:Mapoly0070s0072","Flavonoid biosynthesis"
"28","Mp4g14120.1",6075.74065280529,6.27501860527155,0.230300917459152,27.2470412819112,1.80157644331754e-163,3.15581502155774e-161,"KEGG:K00660:CHS, chalcone synthase [EC:2.3.1.74]; PIRSF:PIRSF000451:PKS_III; Pfam:PF00195:Chalcone and stilbene synthases, N-terminal domain; G3DSA:3.40.47.10; Pfam:PF02797:Chalcone and stilbene synthases, C-terminal domain; PANTHER:PTHR11877:HYDROXYMETHYLGLUTARYL-COA SYNTHASE; PTHR11877:SF14:CHALCONE SYNTHASE; CDD:cd00831:CHS_like; SUPERFAMILY:SSF53901:Thiolase-like; GO:0016746:transferase activity, transferring acyl groups; GO:0009058:biosynthetic process; GO:0016747:transferase activity, transferring acyl groups other than amino-acyl groups; MapolyID:Mapoly0070s0070","Flavonoid biosynthesis"
"29","Mp4g14150.1",4992.94222847657,5.16028425737017,0.233617761425815,22.0885784791188,4.0700253656685e-108,3.93348904675124e-106,"KEGG:K00660:CHS, chalcone synthase [EC:2.3.1.74]; G3DSA:3.40.47.10; SUPERFAMILY:SSF53901:Thiolase-like; PANTHER:PTHR11877:HYDROXYMETHYLGLUTARYL-COA SYNTHASE; PIRSF:PIRSF000451:PKS_III; CDD:cd00831:CHS_like; Pfam:PF02797:Chalcone and stilbene synthases, C-terminal domain; Pfam:PF00195:Chalcone and stilbene synthases, N-terminal domain; PTHR11877:SF14:CHALCONE SYNTHASE; GO:0016746:transferase activity, transferring acyl groups; GO:0009058:biosynthetic process; GO:0016747:transferase activity, transferring acyl groups other than amino-acyl groups; MapolyID:Mapoly0070s0067","Flavonoid biosynthesis"
"30","Mp4g14180.1",6123.50097253217,5.25178267221444,0.12317843972572,42.6355674248556,0,0,"KEGG:K00660:CHS, chalcone synthase [EC:2.3.1.74]; G3DSA:3.40.47.10; PANTHER:PTHR11877:HYDROXYMETHYLGLUTARYL-COA SYNTHASE; PTHR11877:SF14:CHALCONE SYNTHASE; SUPERFAMILY:SSF53901:Thiolase-like; PIRSF:PIRSF000451:PKS_III; Pfam:PF02797:Chalcone and stilbene synthases, C-terminal domain; CDD:cd00831:CHS_like; Pfam:PF00195:Chalcone and stilbene synthases, N-terminal domain; GO:0016746:transferase activity, transferring acyl groups; GO:0009058:biosynthetic process; GO:0016747:transferase activity, transferring acyl groups other than amino-acyl groups; MapolyID:Mapoly0070s0064","Flavonoid biosynthesis"
"31","Mp4g14190.1",1721.85739565808,2.77859991986597,0.10627302540613,26.1458625953984,1.09829468303885e-150,1.62010852530369e-148,"KEGG:K00660:CHS, chalcone synthase [EC:2.3.1.74]; SUPERFAMILY:SSF53901:Thiolase-like; Pfam:PF02797:Chalcone and stilbene synthases, C-terminal domain; PIRSF:PIRSF000451:PKS_III; Pfam:PF00195:Chalcone and stilbene synthases, N-terminal domain; CDD:cd00831:CHS_like; G3DSA:3.40.47.10; PTHR11877:SF14:CHALCONE SYNTHASE; PANTHER:PTHR11877:HYDROXYMETHYLGLUTARYL-COA SYNTHASE; GO:0016746:transferase activity, transferring acyl groups; GO:0009058:biosynthetic process; GO:0016747:transferase activity, transferring acyl groups other than amino-acyl groups; MapolyID:Mapoly0070s0063","Flavonoid biosynthesis"
"32","Mp4g14200.1",5866.81705744637,3.27599952632208,0.0991584478416951,33.0380274966805,2.31137392121205e-239,8.2448809018653e-237,"KEGG:K00660:CHS, chalcone synthase [EC:2.3.1.74]; Pfam:PF00195:Chalcone and stilbene synthases, N-terminal domain; PIRSF:PIRSF000451:PKS_III; G3DSA:3.40.47.10; SUPERFAMILY:SSF53901:Thiolase-like; Pfam:PF02797:Chalcone and stilbene synthases, C-terminal domain; PTHR11877:SF14:CHALCONE SYNTHASE; PANTHER:PTHR11877:HYDROXYMETHYLGLUTARYL-COA SYNTHASE; CDD:cd00831:CHS_like; GO:0016746:transferase activity, transferring acyl groups; GO:0009058:biosynthetic process; GO:0016747:transferase activity, transferring acyl groups other than amino-acyl groups; MapolyID:Mapoly0070s0062","Flavonoid biosynthesis"
"33","Mp4g14220.1",11952.3953671508,3.14607072454088,0.108762373913087,28.9260946718113,5.60945498974338e-184,1.22279886048639e-181,"KEGG:K00660:CHS, chalcone synthase [EC:2.3.1.74]; PIRSF:PIRSF000451:PKS_III; Pfam:PF02797:Chalcone and stilbene synthases, C-terminal domain; PANTHER:PTHR11877:HYDROXYMETHYLGLUTARYL-COA SYNTHASE; SUPERFAMILY:SSF53901:Thiolase-like; Pfam:PF00195:Chalcone and stilbene synthases, N-terminal domain; G3DSA:3.40.47.10; PTHR11877:SF14:CHALCONE SYNTHASE; CDD:cd00831:CHS_like; GO:0016746:transferase activity, transferring acyl groups; GO:0009058:biosynthetic process; GO:0016747:transferase activity, transferring acyl groups other than amino-acyl groups; MapolyID:Mapoly0070s0060","Flavonoid biosynthesis"
"34","Mp4g14450.1",832.075969215846,6.10385201884039,0.357316493780478,17.0824804482448,2.00414824822872e-65,1.11386358305947e-63,"KEGG:K00660:CHS, chalcone synthase [EC:2.3.1.74]; PTHR11877:SF14:CHALCONE SYNTHASE; SUPERFAMILY:SSF53901:Thiolase-like; PANTHER:PTHR11877:HYDROXYMETHYLGLUTARYL-COA SYNTHASE; CDD:cd00831:CHS_like; Pfam:PF02797:Chalcone and stilbene synthases, C-terminal domain; G3DSA:3.40.47.10; Pfam:PF00195:Chalcone and stilbene synthases, N-terminal domain; PIRSF:PIRSF000451:PKS_III; GO:0016746:transferase activity, transferring acyl groups; GO:0009058:biosynthetic process; GO:0016747:transferase activity, transferring acyl groups other than amino-acyl groups; MapolyID:Mapoly0070s0036","Flavonoid biosynthesis"
"35","Mp4g18370.1",6274.54565609949,5.44191933250931,0.220221527534513,24.7111142740414,8.12322935435021e-135,1.0484844519934e-132,"KEGG:K00660:CHS, chalcone synthase [EC:2.3.1.74]; SUPERFAMILY:SSF53901:Thiolase-like; CDD:cd00831:CHS_like; G3DSA:3.40.47.10; PANTHER:PTHR11877:HYDROXYMETHYLGLUTARYL-COA SYNTHASE; PTHR11877:SF14:CHALCONE SYNTHASE; Pfam:PF02797:Chalcone and stilbene synthases, C-terminal domain; PIRSF:PIRSF000451:PKS_III; Pfam:PF00195:Chalcone and stilbene synthases, N-terminal domain; GO:0016746:transferase activity, transferring acyl groups; GO:0009058:biosynthetic process; GO:0016747:transferase activity, transferring acyl groups other than amino-acyl groups; MapolyID:Mapoly0041s0118","Flavonoid biosynthesis"
"36","Mp4g21980.1",16.5007728285427,2.89442420132282,0.61410839133077,4.71321389217728,2.4384000745588e-06,1.26024686677474e-05,"KEGG:K00660:CHS, chalcone synthase [EC:2.3.1.74]; G3DSA:3.40.47.10; PTHR11877:SF84:BISDEMETHOXYCURCUMIN SYNTHASE; PANTHER:PTHR11877:HYDROXYMETHYLGLUTARYL-COA SYNTHASE; MobiDBLite:consensus disorder prediction; SUPERFAMILY:SSF53901:Thiolase-like; Pfam:PF00195:Chalcone and stilbene synthases, N-terminal domain; GO:0016746:transferase activity, transferring acyl groups; GO:0009058:biosynthetic process; GO:0016747:transferase activity, transferring acyl groups other than amino-acyl groups; MapolyID:Mapoly0090s0024","Flavonoid biosynthesis"
"37","Mp5g06060.1",23.5034554588231,8.0539424724861,1.24720477775732,6.45759430698173,1.06380460073963e-10,8.80252318089867e-10,"KEGG:K13065:E2.3.1.133, HCT, shikimate O-hydroxycinnamoyltransferase [EC:2.3.1.133]; MobiDBLite:consensus disorder prediction; PTHR31642:SF11:SHIKIMATE O-HYDROXYCINNAMOYLTRANSFERASE; PANTHER:PTHR31642:TRICHOTHECENE 3-O-ACETYLTRANSFERASE; G3DSA:3.30.559.10:Chloramphenicol Acetyltransferase; Pfam:PF02458:Transferase family; GO:0016747:transferase activity, transferring acyl groups other than amino-acyl groups; MapolyID:Mapoly0027s0022","Flavonoid biosynthesis"
"38","Mp5g06070.1",134.185672890711,1.02804627066815,0.198161859268853,5.18791191433746,2.12665146618247e-07,1.2658608954804e-06,"KEGG:K13065:E2.3.1.133, HCT, shikimate O-hydroxycinnamoyltransferase [EC:2.3.1.133]; PANTHER:PTHR31623:F21J9.9; Pfam:PF02458:Transferase family; G3DSA:3.30.559.10:Chloramphenicol Acetyltransferase; GO:0016747:transferase activity, transferring acyl groups other than amino-acyl groups; MapolyID:Mapoly0027s0021","Flavonoid biosynthesis"
"39","Mp5g08730.1",580.10934590299,1.98221864428098,0.153521815244942,12.9116415222057,3.86962812377874e-38,1.15729015488438e-36,"KEGG:K05280:CYP75B1, flavonoid 3'-monooxygenase [EC:1.14.14.82]; KOG:KOG0156:Cytochrome P450 CYP2 subfamily, [Q]; PRINTS:PR00463:E-class P450 group I signature; Pfam:PF00067:Cytochrome P450; SUPERFAMILY:SSF48264:Cytochrome P450; PTHR24298:SF45:FLAVONOID 3'-MONOOXYGENASE; G3DSA:1.10.630.10:Cytochrome p450; PRINTS:PR00385:P450 superfamily signature; PANTHER:PTHR24298:FLAVONOID 3'-MONOOXYGENASE-RELATED; GO:0005506:iron ion binding; GO:0016705:oxidoreductase activity, acting on paired donors, with incorporation or reduction of molecular oxygen; GO:0020037:heme binding; MapolyID:Mapoly0086s0077","Flavonoid biosynthesis"
"40","Mp5g08930.1",1179.687268869,5.61411615643813,0.168240853402922,33.3695178245013,3.79647320906422e-244,1.4053397714836e-241,"KEGG:K13065:E2.3.1.133, HCT, shikimate O-hydroxycinnamoyltransferase [EC:2.3.1.133]; Pfam:PF02458:Transferase family; G3DSA:3.30.559.10:Chloramphenicol Acetyltransferase; PANTHER:PTHR31642:TRICHOTHECENE 3-O-ACETYLTRANSFERASE; PTHR31642:SF11:SHIKIMATE O-HYDROXYCINNAMOYLTRANSFERASE; GO:0016747:transferase activity, transferring acyl groups other than amino-acyl groups; MapolyID:Mapoly0095s0065","Flavonoid biosynthesis"
"41","Mp5g23180.1",28.4113228299315,4.2154870947002,0.61315784860794,6.87504384763348,6.19707947422517e-12,5.62351999097242e-11,"KEGG:K13065:E2.3.1.133, HCT, shikimate O-hydroxycinnamoyltransferase [EC:2.3.1.133]; G3DSA:3.30.559.10:Chloramphenicol Acetyltransferase; Pfam:PF02458:Transferase family; PTHR31642:SF11:SHIKIMATE O-HYDROXYCINNAMOYLTRANSFERASE; PANTHER:PTHR31642:TRICHOTHECENE 3-O-ACETYLTRANSFERASE; GO:0016747:transferase activity, transferring acyl groups other than amino-acyl groups; MapolyID:Mapoly0010s0138","Flavonoid biosynthesis"
"42","Mp5g23190.1",51.278192024516,7.31441720255178,1.05305857975156,6.94587874140624,3.76111728792209e-12,3.48391690612576e-11,"KEGG:K13065:E2.3.1.133, HCT, shikimate O-hydroxycinnamoyltransferase [EC:2.3.1.133]; PANTHER:PTHR31642:TRICHOTHECENE 3-O-ACETYLTRANSFERASE; G3DSA:3.30.559.10:Chloramphenicol Acetyltransferase; PTHR31642:SF11:SHIKIMATE O-HYDROXYCINNAMOYLTRANSFERASE; Pfam:PF02458:Transferase family; GO:0016747:transferase activity, transferring acyl groups other than amino-acyl groups; MapolyID:Mapoly0010s0137","Flavonoid biosynthesis"
"43","Mp6g00020.1",15469.2300292334,2.61677570731559,0.0914703943766167,28.6078979450047,5.35864942396105e-180,1.15528948405156e-177,"KEGG:K00487:CYP73A, trans-cinnamate 4-monooxygenase [EC:1.14.14.91]; KOG:KOG0156:Cytochrome P450 CYP2 subfamily, [Q]; PRINTS:PR00385:P450 superfamily signature; PRINTS:PR00463:E-class P450 group I signature; SUPERFAMILY:SSF48264:Cytochrome P450; Pfam:PF00067:Cytochrome P450; PTHR47948:SF4:TRANS-CINNAMATE 4-MONOOXYGENASE; G3DSA:1.10.630.10:Cytochrome p450; ProSitePatterns:PS00086:Cytochrome P450 cysteine heme-iron ligand signature.; PANTHER:PTHR47948:TRANS-CINNAMATE 4-MONOOXYGENASE; GO:0005506:iron ion binding; GO:0016705:oxidoreductase activity, acting on paired donors, with incorporation or reduction of molecular oxygen; GO:0020037:heme binding; MapolyID:Mapoly0163s0018","Flavonoid biosynthesis"
"44","Mp6g05290.1",714.855049186117,1.10742714321205,0.10368754405511,10.6804260174535,1.25693504537184e-26,2.5035338736193e-25,"KEGG:K01859:E5.5.1.6, chalcone isomerase [EC:5.5.1.6]; MobiDBLite:consensus disorder prediction; PTHR28039:SF8:CHALCONE--FLAVONONE ISOMERASE 1-RELATED; G3DSA:1.10.890.20; PANTHER:PTHR28039:CHALCONE--FLAVONONE ISOMERASE 1-RELATED; Pfam:PF02431:Chalcone-flavanone isomerase; SUPERFAMILY:SSF54626:Chalcone isomerase; G3DSA:3.50.70.10; GO:0009813:flavonoid biosynthetic process; GO:0016872:intramolecular lyase activity; GO:0045430:chalcone isomerase activity; MapolyID:Mapoly0167s0012","Flavonoid biosynthesis"
"45","Mp6g19350.1",6.05757127589048,2.40514612438441,0.943765547130601,2.54845722192016,0.010820055609023,0.0274901153837635,"KEGG:K13065:E2.3.1.133, HCT, shikimate O-hydroxycinnamoyltransferase [EC:2.3.1.133]; Pfam:PF02458:Transferase family; PANTHER:PTHR31642:TRICHOTHECENE 3-O-ACETYLTRANSFERASE; PTHR31642:SF11:SHIKIMATE O-HYDROXYCINNAMOYLTRANSFERASE; G3DSA:3.30.559.10:Chloramphenicol Acetyltransferase; GO:0016747:transferase activity, transferring acyl groups other than amino-acyl groups; MapolyID:Mapoly0045s0128","Flavonoid biosynthesis"
"46","Mp7g14890.1",5313.86519683483,3.60453806541028,0.116156723771996,31.0316781358747,2.01595891341941e-211,5.65015684605362e-209,"KEGG:K00660:CHS, chalcone synthase [EC:2.3.1.74]; PTHR11877:SF14:CHALCONE SYNTHASE; PANTHER:PTHR11877:HYDROXYMETHYLGLUTARYL-COA SYNTHASE; SUPERFAMILY:SSF53901:Thiolase-like; CDD:cd00831:CHS_like; Pfam:PF00195:Chalcone and stilbene synthases, N-terminal domain; PIRSF:PIRSF000451:PKS_III; G3DSA:3.40.47.10; Pfam:PF02797:Chalcone and stilbene synthases, C-terminal domain; GO:0016746:transferase activity, transferring acyl groups; GO:0009058:biosynthetic process; GO:0016747:transferase activity, transferring acyl groups other than amino-acyl groups; MapolyID:Mapoly0009s0174","Flavonoid biosynthesis"
"47","Mp7g14930.1",5133.98713012478,4.49993028732701,0.243040402217336,18.5151532266763,1.55852620476755e-76,1.04357425294657e-74,"KEGG:K00660:CHS, chalcone synthase [EC:2.3.1.74]; PTHR11877:SF14:CHALCONE SYNTHASE; PANTHER:PTHR11877:HYDROXYMETHYLGLUTARYL-COA SYNTHASE; SUPERFAMILY:SSF53901:Thiolase-like; CDD:cd00831:CHS_like; PIRSF:PIRSF000451:PKS_III; G3DSA:3.40.47.10; Pfam:PF02797:Chalcone and stilbene synthases, C-terminal domain; Pfam:PF00195:Chalcone and stilbene synthases, N-terminal domain; GO:0016746:transferase activity, transferring acyl groups; GO:0009058:biosynthetic process; GO:0016747:transferase activity, transferring acyl groups other than amino-acyl groups; MapolyID:Mapoly0009s0178","Flavonoid biosynthesis"
"48","Mp7g14940.1",292.882587410668,3.88095044433204,0.196407950599886,19.7596402410316,6.62754221980383e-87,5.13935773953879e-85,"KEGG:K00660:CHS, chalcone synthase [EC:2.3.1.74]; SUPERFAMILY:SSF53901:Thiolase-like; Pfam:PF00195:Chalcone and stilbene synthases, N-terminal domain; PTHR11877:SF14:CHALCONE SYNTHASE; G3DSA:3.40.47.10; PANTHER:PTHR11877:HYDROXYMETHYLGLUTARYL-COA SYNTHASE; PIRSF:PIRSF000451:PKS_III; CDD:cd00831:CHS_like; Pfam:PF02797:Chalcone and stilbene synthases, C-terminal domain; GO:0016746:transferase activity, transferring acyl groups; GO:0009058:biosynthetic process; GO:0016747:transferase activity, transferring acyl groups other than amino-acyl groups; MapolyID:Mapoly0009s0179","Flavonoid biosynthesis"
"49","Mp7g14960.1",7028.45402770478,4.17912608163051,0.124373733785266,33.6013558043201,1.60274936597785e-247,6.16555682570968e-245,"KEGG:K00660:CHS, chalcone synthase [EC:2.3.1.74]; PIRSF:PIRSF000451:PKS_III; PANTHER:PTHR11877:HYDROXYMETHYLGLUTARYL-COA SYNTHASE; PTHR11877:SF14:CHALCONE SYNTHASE; SUPERFAMILY:SSF53901:Thiolase-like; CDD:cd00831:CHS_like; Pfam:PF00195:Chalcone and stilbene synthases, N-terminal domain; G3DSA:3.40.47.10; Pfam:PF02797:Chalcone and stilbene synthases, C-terminal domain; GO:0016746:transferase activity, transferring acyl groups; GO:0009058:biosynthetic process; GO:0016747:transferase activity, transferring acyl groups other than amino-acyl groups; MapolyID:Mapoly0009s0180","Flavonoid biosynthesis"
"50","Mp8g18680.1",2.01756926175452,4.51368662244029,1.75328602097542,2.57441545101076,0.0100409624191961,0.0257609051526362,"KEGG:K00660:CHS, chalcone synthase [EC:2.3.1.74]; Pfam:PF02797:Chalcone and stilbene synthases, C-terminal domain; PANTHER:PTHR11877:HYDROXYMETHYLGLUTARYL-COA SYNTHASE; SUPERFAMILY:SSF53901:Thiolase-like; G3DSA:3.40.47.10; PTHR11877:SF14:CHALCONE SYNTHASE; Pfam:PF00195:Chalcone and stilbene synthases, N-terminal domain; GO:0016746:transferase activity, transferring acyl groups; GO:0009058:biosynthetic process; GO:0016747:transferase activity, transferring acyl groups other than amino-acyl groups; MapolyID:Mapoly0858s0001","Flavonoid biosynthesis"
